NOTE  |Author: Cosote - v1.8 2016.06.03
NOTE  |Update: ChackBR
NOTE  |Attack: FFF GibarchGobl+6Troops
NOTE  |Make: Barbs 50%, Arch/Gobl 50%
NOTE  |4-12 Giants, 4-12 Hogs, 1-4 Pekka's
NOTE  |1-4 Golems, 4-8 Wall/Wizards
NOTE  |Will drop Barb, Giants, Archs/Goblins
NOTE  |finally All Heroes/Castle if Enabled
NOTE  |Gibarch+6Troops (Fast Four Fingers)
NOTE  |GiBArchGobWalWizHogPekGolem

      |---------------------------------------- four fingers gibarch start -----------------------------|

      |EXTR. GOLD |EXTR.ELIXIR|EXTR. DARK |DEPO. GOLD |DEPO.ELIXIR|DEPO. DARK |TOWNHALL   |FORCED SIDE|
SIDE  |1          |1          |           |           |           |           |           |           |


      |VECTOR_____|SIDE_______|DROP_POINTS|ADDTILES___|VERSUS_____|RANDOMX_PX_|RANDOMY_PX_|___________|MAKE TROOPS VECTORS
MAKE  |A          |FRONT-RIGHT|15         |1          |INT-EXT    |2          |2          |           |
MAKE  |B          |FRONT-LEFT |15         |1          |INT-EXT    |2          |2          |           |
MAKE  |C          |RIGHT-FRONT|15         |1          |INT-EXT    |2          |2          |           |
MAKE  |D          |LEFT-FRONT |15         |1          |INT-EXT    |2          |2          |           |
MAKE  |E          |BACK-RIGHT |15         |1          |INT-EXT    |2          |2          |           |
MAKE  |F          |BACK-LEFT  |15         |1          |INT-EXT    |2          |2          |           |
MAKE  |G          |RIGHT-BACK |15         |1          |INT-EXT    |2          |2          |           |
MAKE  |H          |LEFT-BACK  |15         |1          |INT-EXT    |2          |2          |           |
      |VECTOR_____|SIDE_______|DROP_POINTS|ADDTILES___|VERSUS_____|RANDOMX_PX_|RANDOMY_PX_|___________|MAKE VECTORS TO DROP KINK, QUEEN and CASTLE
MAKE  |Q          |RANDOM     |70         |1          |INT-EXT    |2          |2          |           |random side to drop king, at 1 tile from redarea
MAKE  |R          |RANDOM     |70         |3          |INT-EXT    |2          |2          |           |random side to drop queen and castle, at 3 tiles from redarea


      |VECTOR_____|INDEX______|QTY_X_VECT_|TROOPNAME__|DELAY_DROP_|DELAYCHANGE|SLEEPAFTER_|___________|DROP BARB, ARCH, GIANT, GOBLIN
DROP  |A-B        |6          |1          |giant      |0          |0          |0          |           |launch giants using all 4 vectors concurrently...             1 giant
DROP  |A-B        |1,3,5,7,9  |5          |barb       |0          |0          |0          |           |launch barbarians using all 4 vectors concurrently...         5 barb
DROP  |A-B        |1,3,5,7,9  |5          |arch       |0          |0          |0          |           |launch archs all 4 vectors concurrently...                    5 arch
DROP  |A-B        |1,3,5,7,9  |5          |gobl       |0          |0          |0          |           |launch gobls all 4 vectors concurrently...                    5 gobl
DROP  |A          |3          |1          |king       |0          |0          |0          |           |launch King                                                     king
DROP  |A          |3          |1          |queen      |0          |0          |0          |           |launch Queen                                                    queen
DROP  |A          |3          |1          |castle     |0          |0          |0          |           |launch Castle                                                   castle
DROP  |A          |3          |1          |Warden     |0          |0          |0          |           |launch Grand Warden                                             warden
DROP  |C-D        |6          |1          |giant      |0          |0          |0          |           |launch giants using all 4 vectors concurrently...             1 giant
DROP  |C-D        |1,3,5,7,9  |5          |barb       |0          |0          |0          |           |launch barbarians using all 4 vectors concurrently...         5 barb
DROP  |C-D        |1,3,5,7,9  |5          |arch       |0          |0          |0          |           |launch archs using all 4 vectors concurrently...              5 arch
DROP  |C-D        |1,3,5,7,9  |5          |gobl       |0          |0          |0          |           |launch gobls using all 4 vectors concurrently...              5 gobl
DROP  |A          |7          |16         |hogs       |0          |0          |0          |           |launch hogs using all 4 vectors concurrently...               4 hogs
DROP  |A-A-B-B    |5          |1          |pekk       |0          |0          |0          |           |launch pekk using all 4 vectors concurrently...               4 pekk
DROP  |A-A-B-B    |5          |1          |gole       |0          |0          |0          |           |launch gole using all 4 vectors concurrently...               4 gole
DROP  |A-B-A-B    |6          |1          |wall       |0          |0          |0          |           |launch wall using all 4 vectors concurrently...               4 wall
DROP  |A-B-A-B    |6          |1          |wiza       |0          |0          |0          |           |launch wiza using all 4 vectors concurrently...               4 wiza
DROP  |A-B-A-B    |6          |1          |Bowl       |0          |0          |0          |           |launch Bowl using all 4 vectors concurrently...               4 Bowl
DROP  |E-F        |6          |1          |giant      |0          |0          |0          |           |launch giants using all 4 vectors concurrently...             1 giant
DROP  |E-F        |1,3,5,7,9  |5          |barb       |0          |0          |0          |           |launch barbarians using all 4 vectors concurrently...         5 barb
DROP  |E-F        |1,3,5,7,9  |5          |arch       |0          |0          |0          |           |launch archs using all 4 vectors concurrently...              5 arch
DROP  |E-F        |1,3,5,7,9  |5          |gobl       |0          |0          |0          |           |launch gobls using all 4 vectors concurrently...              5 gobl
DROP  |G-H        |6          |1          |giant      |0          |0          |0          |           |launch giants using all 4 vectors concurrently...             1 giant
DROP  |G-H        |1,3,5,7,9  |5          |barb       |0          |0          |0          |           |launch barbarians using all 4 vectors concurrently...         5 barb
DROP  |G-H        |1,3,5,7,9  |5          |arch       |0          |0          |0          |           |launch barbarians using all 4 vectors concurrently...         5 arch
DROP  |G-H        |1,3,5,7,9  |5          |gobl       |0          |0          |0          |           |launch barbarians using all 4 vectors concurrently...         5 gobl
DROP  |E-F-G-H    |6          |1          |wall       |0          |0          |0          |           |launch wall using all 4 vectors concurrently...               4 wall
DROP  |E-F-G-H    |6          |1          |wiza       |0          |0          |0          |           |launch wiza using all 4 vectors concurrently...               4 wiza
DROP  |E-F-G-H    |6          |1          |Bowl       |0          |0          |0          |           |launch Bowl using all 4 vectors concurrently...               4 Bowl
DROP  |A-B        |6          |1          |giant      |0          |0          |0          |           |launch giants using all 4 vectors concurrently...             1 giant
DROP  |A-B        |2,4,6,8,10 |5          |barb       |0          |0          |0          |           |launch barbarians using all 4 vectors concurrently...         5 barb
DROP  |A-B        |2,4,6,8,10 |5          |arch       |0          |0          |0          |           |launch barbarians using all 4 vectors concurrently...         5 arch
DROP  |A-B        |2,4,6,8,10 |5          |gobl       |0          |0          |0          |           |launch barbarians using all 4 vectors concurrently...         5 gobl
DROP  |C-D        |6          |1          |giant      |0          |0          |0          |           |launch giants using all 4 vectors concurrently...             1 giant
DROP  |C-D        |2,4,6,8,10 |5          |barb       |0          |0          |0          |           |launch barbarians using all 4 vectors concurrently...         5 barb
DROP  |C-D        |2,4,6,8,10 |5          |arch       |0          |0          |0          |           |launch barbarians using all 4 vectors concurrently...         5 arch
DROP  |C-D        |2,4,6,8,10 |5          |gobl       |0          |0          |0          |           |launch barbarians using all 4 vectors concurrently...         5 gobl
DROP  |E-F        |6          |1          |giant      |0          |0          |0          |           |launch giants using all 4 vectors concurrently...             1 giant
DROP  |E-F        |2,4,6,8,10 |5          |barb       |0          |0          |0          |           |launch barbarians using all 4 vectors concurrently...         5 barb
DROP  |E-F        |2,4,6,8,10 |5          |arch       |0          |0          |0          |           |launch barbarians using all 4 vectors concurrently...         5 arch
DROP  |E-F        |2,4,6,8,10 |5          |gobl       |0          |0          |0          |           |launch barbarians using all 4 vectors concurrently...         5 gobl
DROP  |G-H        |6          |1          |giant      |0          |0          |0          |           |launch giants using all 4 vectors concurrently...             1 giant
DROP  |G-H        |2,4,6,8,10 |5          |barb       |0          |0          |0          |           |launch barbarians using all 4 vectors concurrently...         5 barb
DROP  |G-H        |2,4,6,8,10 |5          |arch       |0          |0          |0          |           |launch barbarians using all 4 vectors concurrently...         5 arch
DROP  |G-H        |2,4,6,8,10 |5          |gobl       |0          |0          |0          |           |launch barbarians using all 4 vectors concurrently...         5 gobl

DROP  |D-C-B-A    |6          |1          |giant      |0          |0          |0          |           |launch giants using all 4 vectors concurrently...             4 giant
DROP  |D-C-B-A    |1,3,5,7,9  |5          |barb       |0          |0          |0          |           |launch barbarians using all 4 vectors concurrently...        20 barb
DROP  |D-C B-A    |1,3,5,7,9  |5          |arch       |0          |0          |0          |           |launch archs using all 4 vectors concurrently...             20 arch
DROP  |D-C B-A    |1,3,5,7,9  |5          |gobl       |0          |0          |0          |           |launch gobls using all 4 vectors concurrently...             20 gobl

DROP  |H-G-F-E    |6          |1          |giant      |0          |0          |0          |           |launch giants using all 4 vectors concurrently...             4 giant
DROP  |H-G-F-E    |2,4,6,8,10 |5          |barb       |0          |0          |0          |           |launch barbarians using all 4 vectors concurrently...        20 barb
DROP  |H-G-F-E    |2,4,6,8,10 |5          |arch       |0          |0          |0          |           |launch archs using all 4 vectors concurrently...             20 arch
DROP  |H-G-F-E    |2,4,6,8,10 |5          |gobl       |0          |0          |0          |           |launch gobls using all 4 vectors concurrently...             20 gobl

RECALC|           |           |           |           |           |           |           |           |recalculate remaining troops and then launch...

      |VECTOR_____|INDEX______|QTY_X_VECT_|TROOPNAME__|DELAY_DROP_|DELAYCHANGE|SLEEPAFTER_|___________|DROP REMAINING
DROP  |A-B-B-A    |6          |1          |giant      |0          |0          |0          |           |launch giants using all 4 vectors concurrently...             1 giant
DROP  |A-B-B-A    |1-10       |10         |barb       |0          |0          |0          |           |launch barbarians using all 4 vectors concurrently...        40 barb
DROP  |A-B-B-A    |1-10       |10         |arch       |0          |0          |0          |           |launch archers using all 4 vectors concurrently...           40 arch
DROP  |A-B-B-A    |1-10       |10         |gobl       |0          |0          |0          |           |launch goblins using all 4 vectors concurrently...           40 gobl
DROP  |A-B-B-A    |5          |1          |gole       |0          |0          |0          |           |launch gole using all 4 vectors concurrently...               4 gole
DROP  |A          |7          |4          |hogs       |0          |0          |0          |           |launch hogs using all 4 vectors concurrently...               4 hogs
DROP  |A-B-B-A    |5          |1          |pekk       |0          |0          |0          |           |launch pekk using all 4 vectors concurrently...               4 pekk
DROP  |A-B-B-A    |6          |1          |wall       |0          |0          |0          |           |launch wall using all 4 vectors concurrently...               4 wall
DROP  |A-B-B-A    |6          |1          |wiza       |0          |0          |0          |           |launch wiza using all 4 vectors concurrently...               4 wiza
DROP  |A-B-B-A    |6          |1          |Bowl       |0          |0          |0          |           |launch Bowl using all 4 vectors concurrently...               4 Bowl
DROP  |A-B        |1,3,5,7,9  |5          |Remain     |10         |10         |10         |           |launch All using all 4 vectors concurrently...             All Left Overs

      |------------------------------------- four fingers gibarch end-----------------------------------|
      |Change log
      |2016-06-03 ver. 1.8 Added Wizards after Giants - ChackBR
      |2016-06-03 ver. 1.7 Added Goblins after Giants - ChackBR
      |2016-05-01 ver. 1.6 Combined again A-B, C-D etc. of Barch deploy
      |2016-04-30 ver. 1.5 Mixed Barch, Giant and Arch deployment, deploy heroes and other troops earlier
      |2016-04-22 ver. 1.4 Added P.K.K.A, Golem, Wall Breakers after Giants. Merged Giants drop into Barbs for traps focus on A,B,C,D sides
      |2016-04-17 ver. 1.3 Added Hogs after Giants
      |2016-04-16 ver. 1.2 Changed all Heroes to vector A, index 3
      |2016-04-16 ver. 1.1 Moved main Archs drop prior to Heroes
